workload,variant,structure,n,time_ms,steps,moves,comparisons
W1,-,DynamicArray,100,0.031,10000,0,0
W2,-,DynamicArray,100,0.099,76390,0,76390
W3,head,DynamicArray,100,0.191,0,1200120,0
W3,middle,DynamicArray,100,0.174,0,1100120,0
W1,-,MyLinkedList,100,0.604,492068,0,0
W2,-,MyLinkedList,100,0.105,75890,0,76390
W3,head,MyLinkedList,100,0.020,0,3000,0
W3,middle,MyLinkedList,100,0.186,98000,3000,0
W4,-,MinHeap,100,0.017,618,721,1035
W1,-,DynamicArray,1000,0.020,10000,0,0
W2,-,DynamicArray,1000,0.719,755682,0,755682
W3,head,DynamicArray,1000,0.371,0,3000280,0
W3,middle,DynamicArray,1000,0.329,0,2000280,0
W1,-,MyLinkedList,1000,5.983,4943268,0,0
W2,-,MyLinkedList,1000,1.577,755182,0,755682
W3,head,MyLinkedList,1000,0.024,0,3000,0
W3,middle,MyLinkedList,1000,1.244,998000,3000,0
W4,-,MinHeap,1000,0.186,9732,10605,17226
W1,-,DynamicArray,10000,0.206,10000,0,0
W2,-,DynamicArray,10000,6.234,7542887,0,7542887
W3,head,DynamicArray,10000,3.721,0,21009240,0
W3,middle,DynamicArray,10000,2.056,0,11009240,0
W1,-,MyLinkedList,10000,63.484,49608268,0,0
W2,-,MyLinkedList,10000,9.948,7542387,0,7542887
W3,head,MyLinkedList,10000,0.016,0,3000,0
W3,middle,MyLinkedList,10000,11.691,9998000,3000,0
W4,-,MinHeap,10000,0.844,130968,145916,239329
W1,-,DynamicArray,100000,0.027,10000,0,0
W2,-,DynamicArray,100000,50.557,74639143,0,74639143
W3,head,DynamicArray,100000,24.759,0,200999000,0
W3,middle,DynamicArray,100000,14.204,0,100999000,0
W1,-,MyLinkedList,100000,671.357,493278268,0,0
W2,-,MyLinkedList,100000,112.326,74638643,0,74639143
W3,head,MyLinkedList,100000,0.015,0,3000,0
W3,middle,MyLinkedList,100000,128.470,99998000,3000,0
W4,-,MinHeap,100000,14.044,1643399,1759236,3059125
